0,Cosmetics,Phase2
0,CombatZoneResize,239,246,404,391,TLResume,,,
0,HeartTeleport,320,336
0,HeartMode,0,,,,,,
0,TLPause
0,Bonestab,1,40,0.2,4
0,Bonestab,3,40,0.2,2
0.5,BoneVRepeat,410,290,30,2,320,3,200
0,BoneVRepeat,233,320,30,0,320,3,200
0.7,Set,Loop,2
0,Sub,Loop,$Loop,1
1.2,Sansslam,3
0,Bonestab,3,40,0.4,3.4
0.5,Sound,Ding,,
0,HeartMode,0
0.3,BoneVRepeat,410,290,30,2,320,2,200
0,BoneVRepeat,233,320,30,0,320,2,200
1.2,Sansslam,1
0,Bonestab,1,40,0.4,3.4
0.5,Sound,Ding,,
0,HeartMode,0
0.3,BoneVRepeat,410,290,30,2,320,2,200
0,BoneVRepeat,233,320,30,0,320,2,200
0,JMPNZ,11,$Loop
1.2,Sansslam,3
0,Bonestab,3,40,0.4,3.4
0.5,Sound,Ding,,
0,HeartMode,0
0.3,BoneVRepeat,410,290,30,2,320,2,200
0,BoneVRepeat,233,320,30,0,320,2,200
1.2,Sansslam,1
0,Bonestab,1,40,0.4,1.4
0.5,Sound,Ding,,
0,HeartMode,0
0.3,BoneVRepeat,410,290,30,2,320,2,200
0,BoneVRepeat,233,320,30,0,320,2,200
2,endattack