0,CombatZoneResize,113,231,548,391,TLResume,,
0,HeartMode,1,,,,,,
0,TLPause,,,,,,,
0,heartmaxfallspeed,300
0,sansslam,2
0,heartmaxfallspeed,450
0,HeartTeleport,160,310,,,,,
0,BoneVRepeat,528,366,40,0,60,120,15
0,BoneVRepeat,528,220,40,0,60,120,15
0,BoneVRepeat,263,267,20,1,90,20,85
0,BoneVRepeat,323,331,20,1,150,24,95
0,BoneVRepeat,393,248,20,1,120,20,85
0.7,Set,Loop,4
0,:SlamBlaster
0,Sub,Loop,$Loop,1
0.6,sansslam,0
0,sansbody,handright
0.5,Gasterblaster,0,538,0,538,180,90,0.05,0.1
0.6,sansslam,2
0,sansbody,handleft
0.5,Gasterblaster,0,123,0,123,180,90,0.05,0.1
0,JMPNZ,SlamBlaster,$Loop
1,sansanimation,Idle
0,endattack,,,,